INSERT INTO `order` (order_id, order_type, create_time, customer, amount, note) VALUES (3, 0, '2024-02-17 14:50:05', '', 108.00, '进货订单2');
INSERT INTO `order` (order_id, order_type, create_time, customer, amount, note) VALUES (1, 0, '2024-01-17 14:47:51', '', 273.93, '进货订单1');
INSERT INTO `order` (order_id, order_type, create_time, customer, amount, note) VALUES (2, 1, '2024-01-17 14:49:01', '客户1', 198.00, '销售订单1');
INSERT INTO `order` (order_id, order_type, create_time, customer, amount, note) VALUES (4, 1, '2024-02-17 14:50:26', '客户2', 304.00, '销售订单2');
INSERT INTO `order` (order_id, order_type, create_time, customer, amount, note) VALUES (7, 0, '2024-04-17 14:50:05', '', 108.00, '进货订单4');
INSERT INTO `order` (order_id, order_type, create_time, customer, amount, note) VALUES (5, 0, '2024-03-17 14:47:51', '', 273.93, '进货订单3');
INSERT INTO `order` (order_id, order_type, create_time, customer, amount, note) VALUES (6, 1, '2024-03-17 14:49:01', '客户1', 198.00, '销售订单3');
INSERT INTO `order` (order_id, order_type, create_time, customer, amount, note) VALUES (8, 1, '2024-04-17 14:50:26', '客户2', 304.00, '销售订单4');
INSERT INTO `order` (order_id, order_type, create_time, customer, amount, note) VALUES (9, 0, '2024-05-17 15:15:42', '', 66.00, '');
INSERT INTO `order` (order_id, order_type, create_time, customer, amount, note) VALUES (10, 1, '2024-05-17 15:16:27', '', 116.00, '');
INSERT INTO `order` (order_id, order_type, create_time, customer, amount, note) VALUES (11, 0, '2024-05-17 15:24:30', '', 156.00, '');
INSERT INTO `order` (order_id, order_type, create_time, customer, amount, note) VALUES (12, 1, '2024-05-17 15:25:05', '', 42.00, '');

INSERT INTO order_items (id, quantity, price, book_id, order_id) VALUES (1, 1, 27.00, 4, 1);
INSERT INTO order_items (id, quantity, price, book_id, order_id) VALUES (2, 3, 52.25, 6, 1);
INSERT INTO order_items (id, quantity, price, book_id, order_id) VALUES (3, 2, 45.09, 9, 1);
INSERT INTO order_items (id, quantity, price, book_id, order_id) VALUES (4, 3, 38.00, 3, 2);
INSERT INTO order_items (id, quantity, price, book_id, order_id) VALUES (5, 2, 42.00, 5, 2);
INSERT INTO order_items (id, quantity, price, book_id, order_id) VALUES (6, 2, 29.00, 2, 3);
INSERT INTO order_items (id, quantity, price, book_id, order_id) VALUES (7, 1, 50.00, 21, 3);
INSERT INTO order_items (id, quantity, price, book_id, order_id) VALUES (8, 3, 32.00, 1, 4);
INSERT INTO order_items (id, quantity, price, book_id, order_id) VALUES (9, 4, 52.00, 6, 4);
INSERT INTO order_items (id, quantity, price, book_id, order_id) VALUES (10, 1, 27.00, 4, 5);
INSERT INTO order_items (id, quantity, price, book_id, order_id) VALUES (11, 3, 52.25, 6, 5);
INSERT INTO order_items (id, quantity, price, book_id, order_id) VALUES (12, 2, 45.09, 9, 5);
INSERT INTO order_items (id, quantity, price, book_id, order_id) VALUES (13, 3, 38.00, 3, 6);
INSERT INTO order_items (id, quantity, price, book_id, order_id) VALUES (14, 2, 42.00, 5, 6);
INSERT INTO order_items (id, quantity, price, book_id, order_id) VALUES (15, 2, 29.00, 2, 7);
INSERT INTO order_items (id, quantity, price, book_id, order_id) VALUES (16, 1, 50.00, 21, 7);
INSERT INTO order_items (id, quantity, price, book_id, order_id) VALUES (17, 3, 32.00, 1, 8);
INSERT INTO order_items (id, quantity, price, book_id, order_id) VALUES (18, 4, 52.00, 6, 8);
INSERT INTO order_items (id, quantity, price, book_id, order_id) VALUES (19, 3, 22.00, 7, 9);
INSERT INTO order_items (id, quantity, price, book_id, order_id) VALUES (20, 2, 58.00, 7, 10);
INSERT INTO order_items (id, quantity, price, book_id, order_id) VALUES (21, 3, 38.00, 3, 11);
INSERT INTO order_items (id, quantity, price, book_id, order_id) VALUES (22, 1, 42.00, 5, 11);
INSERT INTO order_items (id, quantity, price, book_id, order_id) VALUES (23, 1, 42.00, 5, 12);

INSERT INTO order_status_history (id, time, status, order_id, work_id) VALUES (4, '2024-01-17 14:49:01', 0, 2, 2);
INSERT INTO order_status_history (id, time, status, order_id, work_id) VALUES (3, '2024-01-17 14:48:28', 4, 1, 1);
INSERT INTO order_status_history (id, time, status, order_id, work_id) VALUES (2, '2024-01-17 14:48:03', 1, 1, 1);
INSERT INTO order_status_history (id, time, status, order_id, work_id) VALUES (1, '2024-01-17 14:47:51', 0, 1, 1);
INSERT INTO order_status_history (id, time, status, order_id, work_id) VALUES (6, '2024-01-17 14:49:24', 4, 2, 2);
INSERT INTO order_status_history (id, time, status, order_id, work_id) VALUES (5, '2024-01-17 14:49:13', 1, 2, 2);
INSERT INTO order_status_history (id, time, status, order_id, work_id) VALUES (11, '2024-02-17 14:50:51', 4, 4, 2);
INSERT INTO order_status_history (id, time, status, order_id, work_id) VALUES (7, '2024-02-17 14:50:05', 0, 3, 1);
INSERT INTO order_status_history (id, time, status, order_id, work_id) VALUES (12, '2024-02-17 14:54:50', 4, 3, 1);
INSERT INTO order_status_history (id, time, status, order_id, work_id) VALUES (9, '2024-02-17 14:50:37', 1, 4, 2);
INSERT INTO order_status_history (id, time, status, order_id, work_id) VALUES (8, '2024-02-17 14:50:26', 0, 4, 2);
INSERT INTO order_status_history (id, time, status, order_id, work_id) VALUES (10, '2024-02-17 14:50:40', 1, 3, 1);
INSERT INTO order_status_history (id, time, status, order_id, work_id) VALUES (13, '2024-03-17 14:47:51', 0, 5, 1);
INSERT INTO order_status_history (id, time, status, order_id, work_id) VALUES (14, '2024-03-17 14:48:03', 1, 5, 1);
INSERT INTO order_status_history (id, time, status, order_id, work_id) VALUES (15, '2024-03-17 14:48:28', 4, 5, 1);
INSERT INTO order_status_history (id, time, status, order_id, work_id) VALUES (16, '2024-03-17 14:49:01', 0, 6, 2);
INSERT INTO order_status_history (id, time, status, order_id, work_id) VALUES (17, '2024-03-17 14:49:13', 1, 6, 2);
INSERT INTO order_status_history (id, time, status, order_id, work_id) VALUES (18, '2024-03-17 14:49:24', 4, 6, 2);
INSERT INTO order_status_history (id, time, status, order_id, work_id) VALUES (19, '2024-04-17 14:50:05', 0, 7, 1);
INSERT INTO order_status_history (id, time, status, order_id, work_id) VALUES (20, '2024-04-17 14:50:40', 1, 7, 1);
INSERT INTO order_status_history (id, time, status, order_id, work_id) VALUES (21, '2024-04-17 14:54:50', 4, 7, 1);
INSERT INTO order_status_history (id, time, status, order_id, work_id) VALUES (22, '2024-04-17 14:50:26', 0, 8, 2);
INSERT INTO order_status_history (id, time, status, order_id, work_id) VALUES (23, '2024-04-17 14:50:37', 1, 8, 2);
INSERT INTO order_status_history (id, time, status, order_id, work_id) VALUES (24, '2024-04-17 14:50:51', 4, 8, 2);
INSERT INTO order_status_history (id, time, status, order_id, work_id) VALUES (25, '2024-05-17 15:15:42', 0, 9, 1);
INSERT INTO order_status_history (id, time, status, order_id, work_id) VALUES (26, '2024-05-17 15:15:54', 1, 9, 1);
INSERT INTO order_status_history (id, time, status, order_id, work_id) VALUES (27, '2024-05-17 15:16:27', 0, 10, 2);
INSERT INTO order_status_history (id, time, status, order_id, work_id) VALUES (28, '2024-05-17 15:16:32', 1, 10, 2);
INSERT INTO order_status_history (id, time, status, order_id, work_id) VALUES (29, '2024-05-17 15:24:30', 0, 11, 1);
INSERT INTO order_status_history (id, time, status, order_id, work_id) VALUES (30, '2024-05-17 15:24:42', 6, 11, 1);
INSERT INTO order_status_history (id, time, status, order_id, work_id) VALUES (31, '2024-05-17 15:25:05', 0, 12, 2);
INSERT INTO order_status_history (id, time, status, order_id, work_id) VALUES (32, '2024-05-17 15:25:14', 1, 12, 2);
INSERT INTO order_status_history (id, time, status, order_id, work_id) VALUES (33, '2024-05-17 15:25:20', 2, 12, 2);

INSERT INTO financial (fin_id, fin_type, fin_status, create_time, processed_time, create_work_id, order_id, process_work_id) VALUES (1, 0, 1, '2024-01-17 14:47:51', '2024-01-17 16:47:51', 1, 1, 1);
INSERT INTO financial (fin_id, fin_type, fin_status, create_time, processed_time, create_work_id, order_id, process_work_id) VALUES (2, 1, 1, '2024-01-17 14:47:51', '2024-01-17 16:47:51', 2, 2, 1);
INSERT INTO financial (fin_id, fin_type, fin_status, create_time, processed_time, create_work_id, order_id, process_work_id) VALUES (4, 1, 1, '2024-02-17 14:50:26', '2024-02-17 14:50:37', 2, 4, 1);
INSERT INTO financial (fin_id, fin_type, fin_status, create_time, processed_time, create_work_id, order_id, process_work_id) VALUES (3, 0, 1, '2024-02-17 14:50:05', '2024-02-17 14:50:40', 1, 3, 1);
INSERT INTO financial (fin_id, fin_type, fin_status, create_time, processed_time, create_work_id, order_id, process_work_id) VALUES (5, 0, 1, '2024-03-17 14:47:51', '2024-03-17 16:47:51', 1, 5, 1);
INSERT INTO financial (fin_id, fin_type, fin_status, create_time, processed_time, create_work_id, order_id, process_work_id) VALUES (6, 1, 1, '2024-03-17 14:47:51', '2024-03-17 16:47:51', 2, 6, 1);
INSERT INTO financial (fin_id, fin_type, fin_status, create_time, processed_time, create_work_id, order_id, process_work_id) VALUES (7, 0, 1, '2024-04-17 14:50:05', '2024-04-17 14:50:40', 1, 7, 1);
INSERT INTO financial (fin_id, fin_type, fin_status, create_time, processed_time, create_work_id, order_id, process_work_id) VALUES (8, 1, 1, '2024-04-17 14:50:26', '2024-04-17 14:50:37', 2, 8, 1);
INSERT INTO financial (fin_id, fin_type, fin_status, create_time, processed_time, create_work_id, order_id, process_work_id) VALUES (9, 0, 1, '2024-05-17 15:15:42', '2024-05-17 15:15:54', 1, 9, 1);
INSERT INTO financial (fin_id, fin_type, fin_status, create_time, processed_time, create_work_id, order_id, process_work_id) VALUES (10, 1, 1, '2024-05-17 15:16:27', '2024-05-17 15:16:32', 2, 10, 1);
INSERT INTO financial (fin_id, fin_type, fin_status, create_time, processed_time, create_work_id, order_id, process_work_id) VALUES (11, 0, 0, '2024-05-17 15:24:30', null, 1, 11, null);
INSERT INTO financial (fin_id, fin_type, fin_status, create_time, processed_time, create_work_id, order_id, process_work_id) VALUES (12, 1, 1, '2024-05-17 15:25:05', '2024-05-17 15:25:14', 2, 12, 1);

